{
	"credit": "Made with Blockbench",
	"parent": "block/cube_all",
	"textures": {
		"0": "custom/pokebalde_tex",
		"particle": "custom/pokebalde_tex"
	},
	"elements": [
		{
			"from": [14, 8, 7],
			"to": [15, 9, 8],
			"rotation": {"angle": 45, "axis": "y", "origin": [8, 8, 9]},
			"faces": {
				"north": {"uv": [6, 1, 7, 2], "texture": "#0"},
				"east": {"uv": [7, 2, 8, 3], "texture": "#0"},
				"south": {"uv": [7, 2, 8, 3], "texture": "#0"},
				"west": {"uv": [7, 1, 8, 2], "texture": "#0"},
				"up": {"uv": [6, 0, 7, 1], "rotation": 270, "texture": "#0"},
				"down": {"uv": [7, 2, 8, 3], "rotation": 90, "texture": "#0"}
			}
		},
		{
			"from": [14, 8, 8],
			"to": [15, 9, 9],
			"rotation": {"angle": 45, "axis": "y", "origin": [8, 8, 9]},
			"faces": {
				"north": {"uv": [6, 1, 7, 2], "texture": "#0"},
				"east": {"uv": [7, 2, 8, 3], "texture": "#0"},
				"south": {"uv": [7, 2, 8, 3], "texture": "#0"},
				"west": {"uv": [7, 1, 8, 2], "texture": "#0"},
				"up": {"uv": [7, 0, 8, 1], "rotation": 270, "texture": "#0"},
				"down": {"uv": [7, 2, 8, 3], "rotation": 90, "texture": "#0"}
			}
		},
		{
			"from": [14, 8, 9],
			"to": [15, 9, 10],
			"rotation": {"angle": 45, "axis": "y", "origin": [8, 8, 9]},
			"faces": {
				"north": {"uv": [0, 0, 1, 1], "texture": "#0"},
				"east": {"uv": [0, 0, 1, 1], "texture": "#0"},
				"south": {"uv": [0, 0, 1, 1], "texture": "#0"},
				"west": {"uv": [0, 0, 1, 1], "texture": "#0"},
				"up": {"uv": [0, 0, 1, 1], "rotation": 270, "texture": "#0"},
				"down": {"uv": [0, 0, 1, 1], "rotation": 90, "texture": "#0"}
			}
		},
		{
			"from": [13, 8, 8],
			"to": [14, 9, 9],
			"rotation": {"angle": 45, "axis": "y", "origin": [8, 8, 9]},
			"faces": {
				"north": {"uv": [6, 1, 7, 2], "texture": "#0"},
				"east": {"uv": [7, 2, 8, 3], "texture": "#0"},
				"south": {"uv": [7, 2, 8, 3], "texture": "#0"},
				"west": {"uv": [7, 1, 8, 2], "texture": "#0"},
				"up": {"uv": [7, 1, 8, 2], "rotation": 270, "texture": "#0"},
				"down": {"uv": [7, 2, 8, 3], "rotation": 90, "texture": "#0"}
			}
		},
		{
			"from": [13, 8, 7],
			"to": [14, 9, 8],
			"rotation": {"angle": 45, "axis": "y", "origin": [8, 8, 9]},
			"faces": {
				"north": {"uv": [6, 1, 7, 2], "texture": "#0"},
				"east": {"uv": [7, 2, 8, 3], "texture": "#0"},
				"south": {"uv": [7, 2, 8, 3], "texture": "#0"},
				"west": {"uv": [7, 1, 8, 2], "texture": "#0"},
				"up": {"uv": [6, 1, 7, 2], "rotation": 270, "texture": "#0"},
				"down": {"uv": [7, 2, 8, 3], "rotation": 90, "texture": "#0"}
			}
		},
		{
			"from": [13, 8, 9],
			"to": [14, 9, 10],
			"rotation": {"angle": 45, "axis": "y", "origin": [8, 8, 9]},
			"faces": {
				"north": {"uv": [2, 3, 3, 4], "texture": "#0"},
				"east": {"uv": [2, 2, 3, 3], "texture": "#0"},
				"south": {"uv": [2, 2, 3, 3], "texture": "#0"},
				"west": {"uv": [2, 2, 3, 3], "texture": "#0"},
				"up": {"uv": [2, 2, 3, 3], "rotation": 270, "texture": "#0"},
				"down": {"uv": [3, 2, 4, 3], "rotation": 90, "texture": "#0"}
			}
		},
		{
			"from": [12, 8, 9],
			"to": [13, 9, 10],
			"rotation": {"angle": 45, "axis": "y", "origin": [8, 8, 9]},
			"faces": {
				"north": {"uv": [2, 3, 3, 4], "texture": "#0"},
				"east": {"uv": [2, 2, 3, 3], "texture": "#0"},
				"south": {"uv": [2, 2, 3, 3], "texture": "#0"},
				"west": {"uv": [2, 2, 3, 3], "texture": "#0"},
				"up": {"uv": [2, 2, 3, 3], "rotation": 270, "texture": "#0"},
				"down": {"uv": [3, 2, 4, 3], "rotation": 90, "texture": "#0"}
			}
		},
		{
			"from": [8, 8, 10],
			"to": [9, 9, 11],
			"rotation": {"angle": 45, "axis": "y", "origin": [8, 8, 9]},
			"faces": {
				"north": {"uv": [3, 7, 4, 8], "texture": "#0"},
				"east": {"uv": [4, 7, 5, 8], "texture": "#0"},
				"south": {"uv": [3, 7, 4, 8], "texture": "#0"},
				"west": {"uv": [4, 7, 5, 8], "texture": "#0"},
				"up": {"uv": [4, 7, 5, 8], "rotation": 270, "texture": "#0"},
				"down": {"uv": [4, 7, 5, 8], "rotation": 90, "texture": "#0"}
			}
		},
		{
			"from": [4, 8, 10],
			"to": [5, 9, 11],
			"rotation": {"angle": 45, "axis": "y", "origin": [8, 8, 9]},
			"faces": {
				"north": {"uv": [3, 12, 4, 13], "texture": "#0"},
				"east": {"uv": [3, 11, 4, 12], "texture": "#0"},
				"south": {"uv": [2, 12, 3, 13], "texture": "#0"},
				"west": {"uv": [2, 11, 3, 12], "texture": "#0"},
				"up": {"uv": [3, 12, 4, 13], "rotation": 270, "texture": "#0"},
				"down": {"uv": [3, 11, 4, 12], "rotation": 90, "texture": "#0"}
			}
		},
		{
			"from": [5, 8, 10],
			"to": [6, 9, 11],
			"rotation": {"angle": 45, "axis": "y", "origin": [8, 8, 9]},
			"faces": {
				"north": {"uv": [3, 12, 4, 13], "texture": "#0"},
				"east": {"uv": [3, 11, 4, 12], "texture": "#0"},
				"south": {"uv": [2, 12, 3, 13], "texture": "#0"},
				"west": {"uv": [2, 11, 3, 12], "texture": "#0"},
				"up": {"uv": [3, 12, 4, 13], "rotation": 270, "texture": "#0"},
				"down": {"uv": [3, 11, 4, 12], "rotation": 90, "texture": "#0"}
			}
		},
		{
			"from": [6, 8, 10],
			"to": [7, 9, 11],
			"rotation": {"angle": 45, "axis": "y", "origin": [8, 8, 9]},
			"faces": {
				"north": {"uv": [3, 7, 4, 8], "texture": "#0"},
				"east": {"uv": [4, 7, 5, 8], "texture": "#0"},
				"south": {"uv": [3, 7, 4, 8], "texture": "#0"},
				"west": {"uv": [4, 7, 5, 8], "texture": "#0"},
				"up": {"uv": [4, 7, 5, 8], "rotation": 270, "texture": "#0"},
				"down": {"uv": [4, 7, 5, 8], "rotation": 90, "texture": "#0"}
			}
		},
		{
			"from": [7, 8, 10],
			"to": [8, 9, 11],
			"rotation": {"angle": 45, "axis": "y", "origin": [8, 8, 9]},
			"faces": {
				"north": {"uv": [3, 7, 4, 8], "texture": "#0"},
				"east": {"uv": [4, 7, 5, 8], "texture": "#0"},
				"south": {"uv": [3, 7, 4, 8], "texture": "#0"},
				"west": {"uv": [4, 7, 5, 8], "texture": "#0"},
				"up": {"uv": [4, 7, 5, 8], "rotation": 270, "texture": "#0"},
				"down": {"uv": [4, 7, 5, 8], "rotation": 90, "texture": "#0"}
			}
		},
		{
			"from": [9, 8, 10],
			"to": [10, 9, 11],
			"rotation": {"angle": 45, "axis": "y", "origin": [8, 8, 9]},
			"faces": {
				"north": {"uv": [0, 6, 1, 7], "texture": "#0"},
				"east": {"uv": [0, 6, 1, 7], "texture": "#0"},
				"south": {"uv": [0, 6, 1, 7], "texture": "#0"},
				"west": {"uv": [0, 6, 1, 7], "texture": "#0"},
				"up": {"uv": [0, 6, 1, 7], "rotation": 270, "texture": "#0"},
				"down": {"uv": [0, 6, 1, 7], "rotation": 90, "texture": "#0"}
			}
		},
		{
			"from": [10, 8, 10],
			"to": [11, 9, 11],
			"rotation": {"angle": 45, "axis": "y", "origin": [8, 8, 9]},
			"faces": {
				"north": {"uv": [2, 3, 3, 4], "texture": "#0"},
				"east": {"uv": [2, 2, 3, 3], "texture": "#0"},
				"south": {"uv": [2, 2, 3, 3], "texture": "#0"},
				"west": {"uv": [2, 2, 3, 3], "texture": "#0"},
				"up": {"uv": [3, 3, 4, 4], "rotation": 270, "texture": "#0"},
				"down": {"uv": [3, 2, 4, 3], "rotation": 90, "texture": "#0"}
			}
		},
		{
			"from": [12, 8, 10],
			"to": [13, 9, 11],
			"rotation": {"angle": 45, "axis": "y", "origin": [8, 8, 9]},
			"faces": {
				"north": {"uv": [2, 3, 3, 4], "texture": "#0"},
				"east": {"uv": [2, 2, 3, 3], "texture": "#0"},
				"south": {"uv": [2, 2, 3, 3], "texture": "#0"},
				"west": {"uv": [2, 2, 3, 3], "texture": "#0"},
				"up": {"uv": [2, 2, 3, 3], "rotation": 270, "texture": "#0"},
				"down": {"uv": [3, 2, 4, 3], "rotation": 90, "texture": "#0"}
			}
		},
		{
			"from": [13, 8, 6],
			"to": [14, 9, 7],
			"rotation": {"angle": 45, "axis": "y", "origin": [8, 8, 9]},
			"faces": {
				"north": {"uv": [2, 3, 3, 4], "texture": "#0"},
				"east": {"uv": [2, 2, 3, 3], "texture": "#0"},
				"south": {"uv": [2, 2, 3, 3], "texture": "#0"},
				"west": {"uv": [2, 2, 3, 3], "texture": "#0"},
				"up": {"uv": [2, 2, 3, 3], "rotation": 270, "texture": "#0"},
				"down": {"uv": [3, 2, 4, 3], "rotation": 90, "texture": "#0"}
			}
		},
		{
			"from": [8, 8, 6],
			"to": [9, 9, 7],
			"rotation": {"angle": 45, "axis": "y", "origin": [8, 8, 9]},
			"faces": {
				"north": {"uv": [3, 7, 4, 8], "texture": "#0"},
				"east": {"uv": [4, 7, 5, 8], "texture": "#0"},
				"south": {"uv": [3, 7, 4, 8], "texture": "#0"},
				"west": {"uv": [4, 7, 5, 8], "texture": "#0"},
				"up": {"uv": [4, 7, 5, 8], "rotation": 270, "texture": "#0"},
				"down": {"uv": [4, 7, 5, 8], "rotation": 90, "texture": "#0"}
			}
		},
		{
			"from": [4, 8, 6],
			"to": [5, 9, 7],
			"rotation": {"angle": 45, "axis": "y", "origin": [8, 8, 9]},
			"faces": {
				"north": {"uv": [3, 12, 4, 13], "texture": "#0"},
				"east": {"uv": [3, 11, 4, 12], "texture": "#0"},
				"south": {"uv": [2, 12, 3, 13], "texture": "#0"},
				"west": {"uv": [2, 11, 3, 12], "texture": "#0"},
				"up": {"uv": [3, 12, 4, 13], "rotation": 270, "texture": "#0"},
				"down": {"uv": [3, 11, 4, 12], "rotation": 90, "texture": "#0"}
			}
		},
		{
			"from": [5, 8, 6],
			"to": [6, 9, 7],
			"rotation": {"angle": 45, "axis": "y", "origin": [8, 8, 9]},
			"faces": {
				"north": {"uv": [3, 12, 4, 13], "texture": "#0"},
				"east": {"uv": [3, 11, 4, 12], "texture": "#0"},
				"south": {"uv": [2, 12, 3, 13], "texture": "#0"},
				"west": {"uv": [2, 11, 3, 12], "texture": "#0"},
				"up": {"uv": [3, 12, 4, 13], "rotation": 270, "texture": "#0"},
				"down": {"uv": [3, 11, 4, 12], "rotation": 90, "texture": "#0"}
			}
		},
		{
			"from": [6, 8, 6],
			"to": [7, 9, 7],
			"rotation": {"angle": 45, "axis": "y", "origin": [8, 8, 9]},
			"faces": {
				"north": {"uv": [3, 7, 4, 8], "texture": "#0"},
				"east": {"uv": [4, 7, 5, 8], "texture": "#0"},
				"south": {"uv": [3, 7, 4, 8], "texture": "#0"},
				"west": {"uv": [4, 7, 5, 8], "texture": "#0"},
				"up": {"uv": [4, 7, 5, 8], "rotation": 270, "texture": "#0"},
				"down": {"uv": [4, 7, 5, 8], "rotation": 90, "texture": "#0"}
			}
		},
		{
			"from": [7, 8, 6],
			"to": [8, 9, 7],
			"rotation": {"angle": 45, "axis": "y", "origin": [8, 8, 9]},
			"faces": {
				"north": {"uv": [3, 7, 4, 8], "texture": "#0"},
				"east": {"uv": [4, 7, 5, 8], "texture": "#0"},
				"south": {"uv": [3, 7, 4, 8], "texture": "#0"},
				"west": {"uv": [4, 7, 5, 8], "texture": "#0"},
				"up": {"uv": [4, 7, 5, 8], "rotation": 270, "texture": "#0"},
				"down": {"uv": [4, 7, 5, 8], "rotation": 90, "texture": "#0"}
			}
		},
		{
			"from": [9, 8, 6],
			"to": [10, 9, 7],
			"rotation": {"angle": 45, "axis": "y", "origin": [8, 8, 9]},
			"faces": {
				"north": {"uv": [0, 6, 1, 7], "texture": "#0"},
				"east": {"uv": [0, 6, 1, 7], "texture": "#0"},
				"south": {"uv": [0, 6, 1, 7], "texture": "#0"},
				"west": {"uv": [0, 6, 1, 7], "texture": "#0"},
				"up": {"uv": [0, 6, 1, 7], "rotation": 270, "texture": "#0"},
				"down": {"uv": [0, 6, 1, 7], "rotation": 90, "texture": "#0"}
			}
		},
		{
			"from": [10, 8, 6],
			"to": [11, 9, 7],
			"rotation": {"angle": 45, "axis": "y", "origin": [8, 8, 9]},
			"faces": {
				"north": {"uv": [2, 3, 3, 4], "texture": "#0"},
				"east": {"uv": [2, 2, 3, 3], "texture": "#0"},
				"south": {"uv": [2, 2, 3, 3], "texture": "#0"},
				"west": {"uv": [2, 2, 3, 3], "texture": "#0"},
				"up": {"uv": [3, 3, 4, 4], "rotation": 270, "texture": "#0"},
				"down": {"uv": [3, 2, 4, 3], "rotation": 90, "texture": "#0"}
			}
		},
		{
			"from": [12, 8, 6],
			"to": [13, 9, 7],
			"rotation": {"angle": 45, "axis": "y", "origin": [8, 8, 9]},
			"faces": {
				"north": {"uv": [2, 3, 3, 4], "texture": "#0"},
				"east": {"uv": [2, 2, 3, 3], "texture": "#0"},
				"south": {"uv": [2, 2, 3, 3], "texture": "#0"},
				"west": {"uv": [2, 2, 3, 3], "texture": "#0"},
				"up": {"uv": [2, 2, 3, 3], "rotation": 270, "texture": "#0"},
				"down": {"uv": [3, 2, 4, 3], "rotation": 90, "texture": "#0"}
			}
		},
		{
			"from": [13, 8, 10],
			"to": [14, 9, 11],
			"rotation": {"angle": 45, "axis": "y", "origin": [8, 8, 9]},
			"faces": {
				"north": {"uv": [2, 3, 3, 4], "texture": "#0"},
				"east": {"uv": [2, 2, 3, 3], "texture": "#0"},
				"south": {"uv": [2, 2, 3, 3], "texture": "#0"},
				"west": {"uv": [2, 2, 3, 3], "texture": "#0"},
				"up": {"uv": [1, 2, 2, 3], "rotation": 270, "texture": "#0"},
				"down": {"uv": [3, 2, 4, 3], "rotation": 90, "texture": "#0"}
			}
		},
		{
			"from": [11, 8, 11],
			"to": [12, 9, 12],
			"rotation": {"angle": 45, "axis": "y", "origin": [8, 8, 9]},
			"faces": {
				"north": {"uv": [2, 3, 3, 4], "texture": "#0"},
				"east": {"uv": [2, 2, 3, 3], "texture": "#0"},
				"south": {"uv": [2, 2, 3, 3], "texture": "#0"},
				"west": {"uv": [2, 2, 3, 3], "texture": "#0"},
				"up": {"uv": [2, 2, 3, 3], "rotation": 270, "texture": "#0"},
				"down": {"uv": [3, 2, 4, 3], "rotation": 90, "texture": "#0"}
			}
		},
		{
			"from": [4, 8, 11],
			"to": [5, 9, 12],
			"rotation": {"angle": 45, "axis": "y", "origin": [8, 8, 9]},
			"faces": {
				"north": {"uv": [3, 12, 4, 13], "texture": "#0"},
				"east": {"uv": [3, 11, 4, 12], "texture": "#0"},
				"south": {"uv": [2, 12, 3, 13], "texture": "#0"},
				"west": {"uv": [2, 11, 3, 12], "texture": "#0"},
				"up": {"uv": [3, 12, 4, 13], "rotation": 270, "texture": "#0"},
				"down": {"uv": [3, 11, 4, 12], "rotation": 90, "texture": "#0"}
			}
		},
		{
			"from": [5, 8, 11],
			"to": [6, 9, 12],
			"rotation": {"angle": 45, "axis": "y", "origin": [8, 8, 9]},
			"faces": {
				"north": {"uv": [3, 12, 4, 13], "texture": "#0"},
				"east": {"uv": [3, 11, 4, 12], "texture": "#0"},
				"south": {"uv": [2, 12, 3, 13], "texture": "#0"},
				"west": {"uv": [2, 11, 3, 12], "texture": "#0"},
				"up": {"uv": [3, 12, 4, 13], "rotation": 270, "texture": "#0"},
				"down": {"uv": [3, 11, 4, 12], "rotation": 90, "texture": "#0"}
			}
		},
		{
			"from": [6, 8, 11],
			"to": [7, 9, 12],
			"rotation": {"angle": 45, "axis": "y", "origin": [8, 8, 9]},
			"faces": {
				"north": {"uv": [3, 7, 4, 8], "texture": "#0"},
				"east": {"uv": [4, 7, 5, 8], "texture": "#0"},
				"south": {"uv": [3, 7, 4, 8], "texture": "#0"},
				"west": {"uv": [4, 7, 5, 8], "texture": "#0"},
				"up": {"uv": [4, 7, 5, 8], "rotation": 270, "texture": "#0"},
				"down": {"uv": [4, 7, 5, 8], "rotation": 90, "texture": "#0"}
			}
		},
		{
			"from": [7, 8, 11],
			"to": [8, 9, 12],
			"rotation": {"angle": 45, "axis": "y", "origin": [8, 8, 9]},
			"faces": {
				"north": {"uv": [3, 7, 4, 8], "texture": "#0"},
				"east": {"uv": [4, 7, 5, 8], "texture": "#0"},
				"south": {"uv": [3, 7, 4, 8], "texture": "#0"},
				"west": {"uv": [4, 7, 5, 8], "texture": "#0"},
				"up": {"uv": [4, 7, 5, 8], "rotation": 270, "texture": "#0"},
				"down": {"uv": [4, 7, 5, 8], "rotation": 90, "texture": "#0"}
			}
		},
		{
			"from": [9, 8, 11],
			"to": [10, 9, 12],
			"rotation": {"angle": 45, "axis": "y", "origin": [8, 8, 9]},
			"faces": {
				"north": {"uv": [3, 7, 4, 8], "texture": "#0"},
				"east": {"uv": [4, 7, 5, 8], "texture": "#0"},
				"south": {"uv": [3, 7, 4, 8], "texture": "#0"},
				"west": {"uv": [4, 7, 5, 8], "texture": "#0"},
				"up": {"uv": [4, 7, 5, 8], "rotation": 270, "texture": "#0"},
				"down": {"uv": [4, 7, 5, 8], "rotation": 90, "texture": "#0"}
			}
		},
		{
			"from": [8, 8, 11],
			"to": [9, 9, 12],
			"rotation": {"angle": 45, "axis": "y", "origin": [8, 8, 9]},
			"faces": {
				"north": {"uv": [3, 7, 4, 8], "texture": "#0"},
				"east": {"uv": [4, 7, 5, 8], "texture": "#0"},
				"south": {"uv": [3, 7, 4, 8], "texture": "#0"},
				"west": {"uv": [4, 7, 5, 8], "texture": "#0"},
				"up": {"uv": [4, 7, 5, 8], "rotation": 270, "texture": "#0"},
				"down": {"uv": [4, 7, 5, 8], "rotation": 90, "texture": "#0"}
			}
		},
		{
			"from": [10, 8, 11],
			"to": [11, 9, 12],
			"rotation": {"angle": 45, "axis": "y", "origin": [8, 8, 9]},
			"faces": {
				"north": {"uv": [0, 6, 1, 7], "texture": "#0"},
				"east": {"uv": [0, 6, 1, 7], "texture": "#0"},
				"south": {"uv": [0, 6, 1, 7], "texture": "#0"},
				"west": {"uv": [0, 6, 1, 7], "texture": "#0"},
				"up": {"uv": [0, 6, 1, 7], "rotation": 270, "texture": "#0"},
				"down": {"uv": [0, 6, 1, 7], "rotation": 90, "texture": "#0"}
			}
		},
		{
			"from": [12, 8, 11],
			"to": [13, 9, 12],
			"rotation": {"angle": 45, "axis": "y", "origin": [8, 8, 9]},
			"faces": {
				"north": {"uv": [2, 3, 3, 4], "texture": "#0"},
				"east": {"uv": [2, 2, 3, 3], "texture": "#0"},
				"south": {"uv": [2, 2, 3, 3], "texture": "#0"},
				"west": {"uv": [2, 2, 3, 3], "texture": "#0"},
				"up": {"uv": [2, 2, 3, 3], "rotation": 270, "texture": "#0"},
				"down": {"uv": [3, 2, 4, 3], "rotation": 90, "texture": "#0"}
			}
		},
		{
			"from": [12, 8, 5],
			"to": [13, 9, 6],
			"rotation": {"angle": 45, "axis": "y", "origin": [8, 8, 9]},
			"faces": {
				"north": {"uv": [2, 3, 3, 4], "texture": "#0"},
				"east": {"uv": [2, 2, 3, 3], "texture": "#0"},
				"south": {"uv": [2, 2, 3, 3], "texture": "#0"},
				"west": {"uv": [2, 2, 3, 3], "texture": "#0"},
				"up": {"uv": [2, 2, 3, 3], "rotation": 270, "texture": "#0"},
				"down": {"uv": [3, 2, 4, 3], "rotation": 90, "texture": "#0"}
			}
		},
		{
			"from": [4, 8, 5],
			"to": [5, 9, 6],
			"rotation": {"angle": 45, "axis": "y", "origin": [8, 8, 9]},
			"faces": {
				"north": {"uv": [3, 12, 4, 13], "texture": "#0"},
				"east": {"uv": [3, 11, 4, 12], "texture": "#0"},
				"south": {"uv": [2, 12, 3, 13], "texture": "#0"},
				"west": {"uv": [2, 11, 3, 12], "texture": "#0"},
				"up": {"uv": [3, 12, 4, 13], "rotation": 270, "texture": "#0"},
				"down": {"uv": [3, 11, 4, 12], "rotation": 90, "texture": "#0"}
			}
		},
		{
			"from": [5, 8, 5],
			"to": [6, 9, 6],
			"rotation": {"angle": 45, "axis": "y", "origin": [8, 8, 9]},
			"faces": {
				"north": {"uv": [3, 12, 4, 13], "texture": "#0"},
				"east": {"uv": [3, 11, 4, 12], "texture": "#0"},
				"south": {"uv": [2, 12, 3, 13], "texture": "#0"},
				"west": {"uv": [2, 11, 3, 12], "texture": "#0"},
				"up": {"uv": [3, 12, 4, 13], "rotation": 270, "texture": "#0"},
				"down": {"uv": [3, 11, 4, 12], "rotation": 90, "texture": "#0"}
			}
		},
		{
			"from": [6, 8, 5],
			"to": [7, 9, 6],
			"rotation": {"angle": 45, "axis": "y", "origin": [8, 8, 9]},
			"faces": {
				"north": {"uv": [3, 7, 4, 8], "texture": "#0"},
				"east": {"uv": [4, 7, 5, 8], "texture": "#0"},
				"south": {"uv": [3, 7, 4, 8], "texture": "#0"},
				"west": {"uv": [4, 7, 5, 8], "texture": "#0"},
				"up": {"uv": [4, 7, 5, 8], "rotation": 270, "texture": "#0"},
				"down": {"uv": [4, 7, 5, 8], "rotation": 90, "texture": "#0"}
			}
		},
		{
			"from": [7, 8, 5],
			"to": [8, 9, 6],
			"rotation": {"angle": 45, "axis": "y", "origin": [8, 8, 9]},
			"faces": {
				"north": {"uv": [3, 7, 4, 8], "texture": "#0"},
				"east": {"uv": [4, 7, 5, 8], "texture": "#0"},
				"south": {"uv": [3, 7, 4, 8], "texture": "#0"},
				"west": {"uv": [4, 7, 5, 8], "texture": "#0"},
				"up": {"uv": [4, 7, 5, 8], "rotation": 270, "texture": "#0"},
				"down": {"uv": [4, 7, 5, 8], "rotation": 90, "texture": "#0"}
			}
		},
		{
			"from": [9, 8, 5],
			"to": [10, 9, 6],
			"rotation": {"angle": 45, "axis": "y", "origin": [8, 8, 9]},
			"faces": {
				"north": {"uv": [0, 6, 1, 7], "texture": "#0"},
				"east": {"uv": [0, 6, 1, 7], "texture": "#0"},
				"south": {"uv": [0, 6, 1, 7], "texture": "#0"},
				"west": {"uv": [0, 6, 1, 7], "texture": "#0"},
				"up": {"uv": [0, 6, 1, 7], "rotation": 270, "texture": "#0"},
				"down": {"uv": [0, 6, 1, 7], "rotation": 90, "texture": "#0"}
			}
		},
		{
			"from": [8, 8, 5],
			"to": [9, 9, 6],
			"rotation": {"angle": 45, "axis": "y", "origin": [8, 8, 9]},
			"faces": {
				"north": {"uv": [3, 7, 4, 8], "texture": "#0"},
				"east": {"uv": [4, 7, 5, 8], "texture": "#0"},
				"south": {"uv": [3, 7, 4, 8], "texture": "#0"},
				"west": {"uv": [4, 7, 5, 8], "texture": "#0"},
				"up": {"uv": [4, 7, 5, 8], "rotation": 270, "texture": "#0"},
				"down": {"uv": [4, 7, 5, 8], "rotation": 90, "texture": "#0"}
			}
		},
		{
			"from": [10, 8, 5],
			"to": [11, 9, 6],
			"rotation": {"angle": 45, "axis": "y", "origin": [8, 8, 9]},
			"faces": {
				"north": {"uv": [2, 3, 3, 4], "texture": "#0"},
				"east": {"uv": [2, 2, 3, 3], "texture": "#0"},
				"south": {"uv": [2, 2, 3, 3], "texture": "#0"},
				"west": {"uv": [2, 2, 3, 3], "texture": "#0"},
				"up": {"uv": [3, 3, 4, 4], "rotation": 270, "texture": "#0"},
				"down": {"uv": [3, 2, 4, 3], "rotation": 90, "texture": "#0"}
			}
		},
		{
			"from": [13, 8, 5],
			"to": [14, 9, 6],
			"rotation": {"angle": 45, "axis": "y", "origin": [8, 8, 9]},
			"faces": {
				"north": {"uv": [2, 3, 3, 4], "texture": "#0"},
				"east": {"uv": [2, 2, 3, 3], "texture": "#0"},
				"south": {"uv": [2, 2, 3, 3], "texture": "#0"},
				"west": {"uv": [2, 2, 3, 3], "texture": "#0"},
				"up": {"uv": [1, 2, 2, 3], "rotation": 270, "texture": "#0"},
				"down": {"uv": [3, 2, 4, 3], "rotation": 90, "texture": "#0"}
			}
		},
		{
			"from": [12, 8, 8],
			"to": [13, 9, 9],
			"rotation": {"angle": 45, "axis": "y", "origin": [8, 8, 9]},
			"faces": {
				"north": {"uv": [6, 1, 7, 2], "texture": "#0"},
				"east": {"uv": [7, 2, 8, 3], "texture": "#0"},
				"south": {"uv": [7, 2, 8, 3], "texture": "#0"},
				"west": {"uv": [7, 1, 8, 2], "texture": "#0"},
				"up": {"uv": [8, 0, 9, 1], "rotation": 270, "texture": "#0"},
				"down": {"uv": [7, 2, 8, 3], "rotation": 90, "texture": "#0"}
			}
		},
		{
			"from": [13, 8, 3],
			"to": [14, 9, 4],
			"rotation": {"angle": 45, "axis": "y", "origin": [8, 8, 9]},
			"faces": {
				"north": {"uv": [0, 0, 1, 1], "texture": "#0"},
				"east": {"uv": [0, 0, 1, 1], "texture": "#0"},
				"south": {"uv": [0, 0, 1, 1], "texture": "#0"},
				"west": {"uv": [0, 0, 1, 1], "texture": "#0"},
				"up": {"uv": [0, 0, 1, 1], "rotation": 270, "texture": "#0"},
				"down": {"uv": [0, 0, 1, 1], "rotation": 90, "texture": "#0"}
			}
		},
		{
			"from": [12, 8, 2],
			"to": [13, 9, 3],
			"rotation": {"angle": 45, "axis": "y", "origin": [8, 8, 9]},
			"faces": {
				"north": {"uv": [0, 0, 1, 1], "texture": "#0"},
				"east": {"uv": [0, 0, 1, 1], "texture": "#0"},
				"south": {"uv": [0, 0, 1, 1], "texture": "#0"},
				"west": {"uv": [0, 0, 1, 1], "texture": "#0"},
				"up": {"uv": [0, 0, 1, 1], "rotation": 270, "texture": "#0"},
				"down": {"uv": [0, 0, 1, 1], "rotation": 90, "texture": "#0"}
			}
		},
		{
			"from": [12, 8, 7],
			"to": [13, 9, 8],
			"rotation": {"angle": 45, "axis": "y", "origin": [8, 8, 9]},
			"faces": {
				"north": {"uv": [6, 1, 7, 2], "texture": "#0"},
				"east": {"uv": [7, 2, 8, 3], "texture": "#0"},
				"south": {"uv": [7, 2, 8, 3], "texture": "#0"},
				"west": {"uv": [7, 1, 8, 2], "texture": "#0"},
				"up": {"uv": [8, 0, 9, 1], "rotation": 270, "texture": "#0"},
				"down": {"uv": [7, 2, 8, 3], "rotation": 90, "texture": "#0"}
			}
		},
		{
			"from": [11, 8, 9],
			"to": [12, 9, 10],
			"rotation": {"angle": 45, "axis": "y", "origin": [8, 8, 9]},
			"faces": {
				"north": {"uv": [2, 3, 3, 4], "texture": "#0"},
				"east": {"uv": [2, 2, 3, 3], "texture": "#0"},
				"south": {"uv": [2, 2, 3, 3], "texture": "#0"},
				"west": {"uv": [2, 2, 3, 3], "texture": "#0"},
				"up": {"uv": [2, 2, 3, 3], "rotation": 270, "texture": "#0"},
				"down": {"uv": [3, 2, 4, 3], "rotation": 90, "texture": "#0"}
			}
		},
		{
			"from": [10, 8, 7],
			"to": [11, 9, 8],
			"rotation": {"angle": 45, "axis": "y", "origin": [8, 8, 9]},
			"faces": {
				"north": {"uv": [7, 4, 8, 5], "texture": "#0"},
				"east": {"uv": [7, 5, 8, 6], "texture": "#0"},
				"south": {"uv": [7, 4, 8, 5], "texture": "#0"},
				"west": {"uv": [7, 5, 8, 6], "texture": "#0"},
				"up": {"uv": [7, 5, 8, 6], "rotation": 270, "texture": "#0"},
				"down": {"uv": [8, 5, 9, 6], "rotation": 90, "texture": "#0"}
			}
		},
		{
			"from": [9, 8, 9],
			"to": [10, 9, 10],
			"rotation": {"angle": 45, "axis": "y", "origin": [8, 8, 9]},
			"faces": {
				"north": {"uv": [0, 6, 1, 7], "texture": "#0"},
				"east": {"uv": [0, 6, 1, 7], "texture": "#0"},
				"south": {"uv": [0, 6, 1, 7], "texture": "#0"},
				"west": {"uv": [0, 6, 1, 7], "texture": "#0"},
				"up": {"uv": [0, 6, 1, 7], "rotation": 270, "texture": "#0"},
				"down": {"uv": [0, 6, 1, 7], "rotation": 90, "texture": "#0"}
			}
		},
		{
			"from": [9, 8, 7],
			"to": [10, 9, 8],
			"rotation": {"angle": 45, "axis": "y", "origin": [8, 8, 9]},
			"faces": {
				"north": {"uv": [7, 4, 8, 5], "texture": "#0"},
				"east": {"uv": [7, 5, 8, 6], "texture": "#0"},
				"south": {"uv": [7, 4, 8, 5], "texture": "#0"},
				"west": {"uv": [7, 5, 8, 6], "texture": "#0"},
				"up": {"uv": [6, 5, 7, 6], "rotation": 270, "texture": "#0"},
				"down": {"uv": [8, 5, 9, 6], "rotation": 90, "texture": "#0"}
			}
		},
		{
			"from": [9, 8, 8],
			"to": [10, 9, 9],
			"rotation": {"angle": 45, "axis": "y", "origin": [8, 8, 9]},
			"faces": {
				"north": {"uv": [7, 4, 8, 5], "texture": "#0"},
				"east": {"uv": [7, 5, 8, 6], "texture": "#0"},
				"south": {"uv": [7, 4, 8, 5], "texture": "#0"},
				"west": {"uv": [7, 5, 8, 6], "texture": "#0"},
				"up": {"uv": [6, 5, 7, 6], "rotation": 270, "texture": "#0"},
				"down": {"uv": [8, 5, 9, 6], "rotation": 90, "texture": "#0"}
			}
		},
		{
			"from": [10, 8, 9],
			"to": [11, 9, 10],
			"rotation": {"angle": 45, "axis": "y", "origin": [8, 8, 9]},
			"faces": {
				"north": {"uv": [2, 3, 3, 4], "texture": "#0"},
				"east": {"uv": [2, 2, 3, 3], "texture": "#0"},
				"south": {"uv": [2, 2, 3, 3], "texture": "#0"},
				"west": {"uv": [2, 2, 3, 3], "texture": "#0"},
				"up": {"uv": [3, 3, 4, 4], "rotation": 270, "texture": "#0"},
				"down": {"uv": [3, 2, 4, 3], "rotation": 90, "texture": "#0"}
			}
		},
		{
			"from": [10, 8, 8],
			"to": [11, 9, 9],
			"rotation": {"angle": 45, "axis": "y", "origin": [8, 8, 9]},
			"faces": {
				"north": {"uv": [7, 4, 8, 5], "texture": "#0"},
				"east": {"uv": [7, 5, 8, 6], "texture": "#0"},
				"south": {"uv": [7, 4, 8, 5], "texture": "#0"},
				"west": {"uv": [7, 5, 8, 6], "texture": "#0"},
				"up": {"uv": [7, 5, 8, 6], "rotation": 270, "texture": "#0"},
				"down": {"uv": [8, 5, 9, 6], "rotation": 90, "texture": "#0"}
			}
		},
		{
			"from": [8, 8, 9],
			"to": [9, 9, 10],
			"rotation": {"angle": 45, "axis": "y", "origin": [8, 8, 9]},
			"faces": {
				"north": {"uv": [3, 7, 4, 8], "texture": "#0"},
				"east": {"uv": [4, 7, 5, 8], "texture": "#0"},
				"south": {"uv": [3, 7, 4, 8], "texture": "#0"},
				"west": {"uv": [4, 7, 5, 8], "texture": "#0"},
				"up": {"uv": [4, 7, 5, 8], "rotation": 270, "texture": "#0"},
				"down": {"uv": [4, 7, 5, 8], "rotation": 90, "texture": "#0"}
			}
		},
		{
			"from": [8, 8, 8],
			"to": [9, 9, 9],
			"rotation": {"angle": 45, "axis": "y", "origin": [8, 8, 9]},
			"faces": {
				"north": {"uv": [3, 7, 4, 8], "texture": "#0"},
				"east": {"uv": [4, 7, 5, 8], "texture": "#0"},
				"south": {"uv": [3, 7, 4, 8], "texture": "#0"},
				"west": {"uv": [4, 7, 5, 8], "texture": "#0"},
				"up": {"uv": [4, 7, 5, 8], "rotation": 270, "texture": "#0"},
				"down": {"uv": [4, 7, 5, 8], "rotation": 90, "texture": "#0"}
			}
		},
		{
			"from": [8, 8, 7],
			"to": [9, 9, 8],
			"rotation": {"angle": 45, "axis": "y", "origin": [8, 8, 9]},
			"faces": {
				"north": {"uv": [3, 7, 4, 8], "texture": "#0"},
				"east": {"uv": [4, 7, 5, 8], "texture": "#0"},
				"south": {"uv": [3, 7, 4, 8], "texture": "#0"},
				"west": {"uv": [4, 7, 5, 8], "texture": "#0"},
				"up": {"uv": [4, 7, 5, 8], "rotation": 270, "texture": "#0"},
				"down": {"uv": [4, 7, 5, 8], "rotation": 90, "texture": "#0"}
			}
		},
		{
			"from": [7, 8, 3],
			"to": [8, 9, 4],
			"rotation": {"angle": 45, "axis": "y", "origin": [8, 8, 9]},
			"faces": {
				"north": {"uv": [3, 7, 4, 8], "texture": "#0"},
				"east": {"uv": [4, 7, 5, 8], "texture": "#0"},
				"south": {"uv": [3, 7, 4, 8], "texture": "#0"},
				"west": {"uv": [4, 7, 5, 8], "texture": "#0"},
				"up": {"uv": [4, 7, 5, 8], "rotation": 270, "texture": "#0"},
				"down": {"uv": [4, 7, 5, 8], "rotation": 90, "texture": "#0"}
			}
		},
		{
			"from": [9, 8, 3],
			"to": [10, 9, 4],
			"rotation": {"angle": 45, "axis": "y", "origin": [8, 8, 9]},
			"faces": {
				"north": {"uv": [3, 7, 4, 8], "texture": "#0"},
				"east": {"uv": [4, 7, 5, 8], "texture": "#0"},
				"south": {"uv": [3, 7, 4, 8], "texture": "#0"},
				"west": {"uv": [4, 7, 5, 8], "texture": "#0"},
				"up": {"uv": [4, 7, 5, 8], "rotation": 270, "texture": "#0"},
				"down": {"uv": [4, 7, 5, 8], "rotation": 90, "texture": "#0"}
			}
		},
		{
			"from": [8, 8, 3],
			"to": [9, 9, 4],
			"rotation": {"angle": 45, "axis": "y", "origin": [8, 8, 9]},
			"faces": {
				"north": {"uv": [3, 7, 4, 8], "texture": "#0"},
				"east": {"uv": [4, 7, 5, 8], "texture": "#0"},
				"south": {"uv": [3, 7, 4, 8], "texture": "#0"},
				"west": {"uv": [4, 7, 5, 8], "texture": "#0"},
				"up": {"uv": [4, 7, 5, 8], "rotation": 270, "texture": "#0"},
				"down": {"uv": [4, 7, 5, 8], "rotation": 90, "texture": "#0"}
			}
		},
		{
			"from": [7, 8, 8],
			"to": [8, 9, 9],
			"rotation": {"angle": 45, "axis": "y", "origin": [8, 8, 9]},
			"faces": {
				"north": {"uv": [3, 7, 4, 8], "texture": "#0"},
				"east": {"uv": [4, 7, 5, 8], "texture": "#0"},
				"south": {"uv": [3, 7, 4, 8], "texture": "#0"},
				"west": {"uv": [4, 7, 5, 8], "texture": "#0"},
				"up": {"uv": [4, 7, 5, 8], "rotation": 270, "texture": "#0"},
				"down": {"uv": [4, 7, 5, 8], "rotation": 90, "texture": "#0"}
			}
		},
		{
			"from": [7, 8, 7],
			"to": [8, 9, 8],
			"rotation": {"angle": 45, "axis": "y", "origin": [8, 8, 9]},
			"faces": {
				"north": {"uv": [3, 7, 4, 8], "texture": "#0"},
				"east": {"uv": [4, 7, 5, 8], "texture": "#0"},
				"south": {"uv": [3, 7, 4, 8], "texture": "#0"},
				"west": {"uv": [4, 7, 5, 8], "texture": "#0"},
				"up": {"uv": [4, 7, 5, 8], "rotation": 270, "texture": "#0"},
				"down": {"uv": [4, 7, 5, 8], "rotation": 90, "texture": "#0"}
			}
		},
		{
			"from": [7, 8, 9],
			"to": [8, 9, 10],
			"rotation": {"angle": 45, "axis": "y", "origin": [8, 8, 9]},
			"faces": {
				"north": {"uv": [3, 7, 4, 8], "texture": "#0"},
				"east": {"uv": [4, 7, 5, 8], "texture": "#0"},
				"south": {"uv": [3, 7, 4, 8], "texture": "#0"},
				"west": {"uv": [4, 7, 5, 8], "texture": "#0"},
				"up": {"uv": [4, 7, 5, 8], "rotation": 270, "texture": "#0"},
				"down": {"uv": [4, 7, 5, 8], "rotation": 90, "texture": "#0"}
			}
		},
		{
			"from": [6, 8, 7],
			"to": [7, 9, 8],
			"rotation": {"angle": 45, "axis": "y", "origin": [8, 8, 9]},
			"faces": {
				"north": {"uv": [3, 7, 4, 8], "texture": "#0"},
				"east": {"uv": [4, 7, 5, 8], "texture": "#0"},
				"south": {"uv": [3, 7, 4, 8], "texture": "#0"},
				"west": {"uv": [4, 7, 5, 8], "texture": "#0"},
				"up": {"uv": [4, 7, 5, 8], "rotation": 270, "texture": "#0"},
				"down": {"uv": [4, 7, 5, 8], "rotation": 90, "texture": "#0"}
			}
		},
		{
			"from": [11, 8, 4],
			"to": [12, 9, 5],
			"rotation": {"angle": 45, "axis": "y", "origin": [8, 8, 9]},
			"faces": {
				"north": {"uv": [2, 3, 3, 4], "texture": "#0"},
				"east": {"uv": [2, 2, 3, 3], "texture": "#0"},
				"south": {"uv": [2, 2, 3, 3], "texture": "#0"},
				"west": {"uv": [2, 2, 3, 3], "texture": "#0"},
				"up": {"uv": [2, 2, 3, 3], "rotation": 270, "texture": "#0"},
				"down": {"uv": [3, 2, 4, 3], "rotation": 90, "texture": "#0"}
			}
		},
		{
			"from": [3, 8, 8],
			"to": [4, 9, 9],
			"rotation": {"angle": 45, "axis": "y", "origin": [8, 8, 9]},
			"faces": {
				"north": {"uv": [3, 7, 4, 8], "texture": "#0"},
				"east": {"uv": [4, 7, 5, 8], "texture": "#0"},
				"south": {"uv": [3, 7, 4, 8], "texture": "#0"},
				"west": {"uv": [4, 7, 5, 8], "texture": "#0"},
				"up": {"uv": [4, 7, 5, 8], "rotation": 270, "texture": "#0"},
				"down": {"uv": [4, 7, 5, 8], "rotation": 90, "texture": "#0"}
			}
		},
		{
			"from": [4, 8, 7],
			"to": [5, 9, 8],
			"rotation": {"angle": 45, "axis": "y", "origin": [8, 8, 9]},
			"faces": {
				"north": {"uv": [3, 7, 4, 8], "texture": "#0"},
				"east": {"uv": [4, 7, 5, 8], "texture": "#0"},
				"south": {"uv": [3, 7, 4, 8], "texture": "#0"},
				"west": {"uv": [4, 7, 5, 8], "texture": "#0"},
				"up": {"uv": [4, 7, 5, 8], "rotation": 270, "texture": "#0"},
				"down": {"uv": [4, 7, 5, 8], "rotation": 90, "texture": "#0"}
			}
		},
		{
			"from": [4, 8, 8],
			"to": [5, 9, 9],
			"rotation": {"angle": 45, "axis": "y", "origin": [8, 8, 9]},
			"faces": {
				"north": {"uv": [3, 7, 4, 8], "texture": "#0"},
				"east": {"uv": [4, 7, 5, 8], "texture": "#0"},
				"south": {"uv": [3, 7, 4, 8], "texture": "#0"},
				"west": {"uv": [4, 7, 5, 8], "texture": "#0"},
				"up": {"uv": [4, 7, 5, 8], "rotation": 270, "texture": "#0"},
				"down": {"uv": [4, 7, 5, 8], "rotation": 90, "texture": "#0"}
			}
		},
		{
			"from": [4, 8, 9],
			"to": [5, 9, 10],
			"rotation": {"angle": 45, "axis": "y", "origin": [8, 8, 9]},
			"faces": {
				"north": {"uv": [3, 12, 4, 13], "texture": "#0"},
				"east": {"uv": [3, 11, 4, 12], "texture": "#0"},
				"south": {"uv": [2, 12, 3, 13], "texture": "#0"},
				"west": {"uv": [2, 11, 3, 12], "texture": "#0"},
				"up": {"uv": [3, 12, 4, 13], "rotation": 270, "texture": "#0"},
				"down": {"uv": [3, 11, 4, 12], "rotation": 90, "texture": "#0"}
			}
		},
		{
			"from": [11, 8, 8],
			"to": [12, 9, 9],
			"rotation": {"angle": 45, "axis": "y", "origin": [8, 8, 9]},
			"faces": {
				"north": {"uv": [6, 1, 7, 2], "texture": "#0"},
				"east": {"uv": [7, 2, 8, 3], "texture": "#0"},
				"south": {"uv": [7, 2, 8, 3], "texture": "#0"},
				"west": {"uv": [7, 1, 8, 2], "texture": "#0"},
				"up": {"uv": [7, 1, 8, 2], "rotation": 270, "texture": "#0"},
				"down": {"uv": [7, 2, 8, 3], "rotation": 90, "texture": "#0"}
			}
		},
		{
			"from": [6, 8, 9],
			"to": [7, 9, 10],
			"rotation": {"angle": 45, "axis": "y", "origin": [8, 8, 9]},
			"faces": {
				"north": {"uv": [3, 7, 4, 8], "texture": "#0"},
				"east": {"uv": [4, 7, 5, 8], "texture": "#0"},
				"south": {"uv": [3, 7, 4, 8], "texture": "#0"},
				"west": {"uv": [4, 7, 5, 8], "texture": "#0"},
				"up": {"uv": [4, 7, 5, 8], "rotation": 270, "texture": "#0"},
				"down": {"uv": [4, 7, 5, 8], "rotation": 90, "texture": "#0"}
			}
		},
		{
			"from": [5, 8, 8],
			"to": [6, 9, 9],
			"rotation": {"angle": 45, "axis": "y", "origin": [8, 8, 9]},
			"faces": {
				"north": {"uv": [3, 7, 4, 8], "texture": "#0"},
				"east": {"uv": [4, 7, 5, 8], "texture": "#0"},
				"south": {"uv": [3, 7, 4, 8], "texture": "#0"},
				"west": {"uv": [4, 7, 5, 8], "texture": "#0"},
				"up": {"uv": [4, 7, 5, 8], "rotation": 270, "texture": "#0"},
				"down": {"uv": [4, 7, 5, 8], "rotation": 90, "texture": "#0"}
			}
		},
		{
			"from": [5, 8, 7],
			"to": [6, 9, 8],
			"rotation": {"angle": 45, "axis": "y", "origin": [8, 8, 9]},
			"faces": {
				"north": {"uv": [3, 7, 4, 8], "texture": "#0"},
				"east": {"uv": [4, 7, 5, 8], "texture": "#0"},
				"south": {"uv": [3, 7, 4, 8], "texture": "#0"},
				"west": {"uv": [4, 7, 5, 8], "texture": "#0"},
				"up": {"uv": [4, 7, 5, 8], "rotation": 270, "texture": "#0"},
				"down": {"uv": [4, 7, 5, 8], "rotation": 90, "texture": "#0"}
			}
		},
		{
			"from": [5, 8, 9],
			"to": [6, 9, 10],
			"rotation": {"angle": 45, "axis": "y", "origin": [8, 8, 9]},
			"faces": {
				"north": {"uv": [3, 12, 4, 13], "texture": "#0"},
				"east": {"uv": [3, 11, 4, 12], "texture": "#0"},
				"south": {"uv": [2, 12, 3, 13], "texture": "#0"},
				"west": {"uv": [2, 11, 3, 12], "texture": "#0"},
				"up": {"uv": [3, 12, 4, 13], "rotation": 270, "texture": "#0"},
				"down": {"uv": [3, 11, 4, 12], "rotation": 90, "texture": "#0"}
			}
		},
		{
			"from": [1, 8, 10],
			"to": [2, 9, 11],
			"rotation": {"angle": 45, "axis": "y", "origin": [8, 8, 9]},
			"faces": {
				"north": {"uv": [0, 15, 1, 16], "texture": "#0"},
				"east": {"uv": [0, 15, 1, 16], "texture": "#0"},
				"south": {"uv": [0, 15, 1, 16], "texture": "#0"},
				"west": {"uv": [0, 15, 1, 16], "texture": "#0"},
				"up": {"uv": [0, 15, 1, 16], "rotation": 270, "texture": "#0"},
				"down": {"uv": [0, 15, 1, 16], "rotation": 90, "texture": "#0"}
			}
		},
		{
			"from": [11, 8, 5],
			"to": [12, 9, 6],
			"rotation": {"angle": 45, "axis": "y", "origin": [8, 8, 9]},
			"faces": {
				"north": {"uv": [2, 3, 3, 4], "texture": "#0"},
				"east": {"uv": [2, 2, 3, 3], "texture": "#0"},
				"south": {"uv": [2, 2, 3, 3], "texture": "#0"},
				"west": {"uv": [2, 2, 3, 3], "texture": "#0"},
				"up": {"uv": [2, 2, 3, 3], "rotation": 270, "texture": "#0"},
				"down": {"uv": [3, 2, 4, 3], "rotation": 90, "texture": "#0"}
			}
		},
		{
			"from": [11, 8, 6],
			"to": [12, 9, 7],
			"rotation": {"angle": 45, "axis": "y", "origin": [8, 8, 9]},
			"faces": {
				"north": {"uv": [2, 3, 3, 4], "texture": "#0"},
				"east": {"uv": [2, 2, 3, 3], "texture": "#0"},
				"south": {"uv": [2, 2, 3, 3], "texture": "#0"},
				"west": {"uv": [2, 2, 3, 3], "texture": "#0"},
				"up": {"uv": [2, 2, 3, 3], "rotation": 270, "texture": "#0"},
				"down": {"uv": [3, 2, 4, 3], "rotation": 90, "texture": "#0"}
			}
		},
		{
			"from": [11, 8, 7],
			"to": [12, 9, 8],
			"rotation": {"angle": 45, "axis": "y", "origin": [8, 8, 9]},
			"faces": {
				"north": {"uv": [6, 1, 7, 2], "texture": "#0"},
				"east": {"uv": [7, 2, 8, 3], "texture": "#0"},
				"south": {"uv": [7, 2, 8, 3], "texture": "#0"},
				"west": {"uv": [7, 1, 8, 2], "texture": "#0"},
				"up": {"uv": [7, 1, 8, 2], "rotation": 270, "texture": "#0"},
				"down": {"uv": [7, 2, 8, 3], "rotation": 90, "texture": "#0"}
			}
		},
		{
			"from": [14, 8, 10],
			"to": [15, 9, 11],
			"rotation": {"angle": 45, "axis": "y", "origin": [8, 8, 9]},
			"faces": {
				"north": {"uv": [0, 0, 1, 1], "texture": "#0"},
				"east": {"uv": [0, 0, 1, 1], "texture": "#0"},
				"south": {"uv": [0, 0, 1, 1], "texture": "#0"},
				"west": {"uv": [0, 0, 1, 1], "texture": "#0"},
				"up": {"uv": [0, 0, 1, 1], "rotation": 270, "texture": "#0"},
				"down": {"uv": [0, 0, 1, 1], "rotation": 90, "texture": "#0"}
			}
		},
		{
			"from": [13, 8, 11],
			"to": [14, 9, 12],
			"rotation": {"angle": 45, "axis": "y", "origin": [8, 8, 9]},
			"faces": {
				"north": {"uv": [0, 0, 1, 1], "texture": "#0"},
				"east": {"uv": [0, 0, 1, 1], "texture": "#0"},
				"south": {"uv": [0, 0, 1, 1], "texture": "#0"},
				"west": {"uv": [0, 0, 1, 1], "texture": "#0"},
				"up": {"uv": [0, 0, 1, 1], "rotation": 270, "texture": "#0"},
				"down": {"uv": [0, 0, 1, 1], "rotation": 90, "texture": "#0"}
			}
		},
		{
			"from": [13, 8, 12],
			"to": [14, 9, 13],
			"rotation": {"angle": 45, "axis": "y", "origin": [8, 8, 9]},
			"faces": {
				"north": {"uv": [0, 0, 1, 1], "texture": "#0"},
				"east": {"uv": [0, 0, 1, 1], "texture": "#0"},
				"south": {"uv": [0, 0, 1, 1], "texture": "#0"},
				"west": {"uv": [0, 0, 1, 1], "texture": "#0"},
				"up": {"uv": [0, 0, 1, 1], "rotation": 270, "texture": "#0"},
				"down": {"uv": [0, 0, 1, 1], "rotation": 90, "texture": "#0"}
			}
		},
		{
			"from": [12, 8, 13],
			"to": [13, 9, 14],
			"rotation": {"angle": 45, "axis": "y", "origin": [8, 8, 9]},
			"faces": {
				"north": {"uv": [0, 0, 1, 1], "texture": "#0"},
				"east": {"uv": [0, 0, 1, 1], "texture": "#0"},
				"south": {"uv": [0, 0, 1, 1], "texture": "#0"},
				"west": {"uv": [0, 0, 1, 1], "texture": "#0"},
				"up": {"uv": [0, 0, 1, 1], "rotation": 270, "texture": "#0"},
				"down": {"uv": [0, 0, 1, 1], "rotation": 90, "texture": "#0"}
			}
		},
		{
			"from": [10, 8, 13],
			"to": [11, 9, 14],
			"rotation": {"angle": 45, "axis": "y", "origin": [8, 8, 9]},
			"faces": {
				"north": {"uv": [0, 6, 1, 7], "texture": "#0"},
				"east": {"uv": [0, 6, 1, 7], "texture": "#0"},
				"south": {"uv": [0, 6, 1, 7], "texture": "#0"},
				"west": {"uv": [0, 6, 1, 7], "texture": "#0"},
				"up": {"uv": [0, 6, 1, 7], "rotation": 270, "texture": "#0"},
				"down": {"uv": [0, 6, 1, 7], "rotation": 90, "texture": "#0"}
			}
		},
		{
			"from": [11, 8, 13],
			"to": [12, 9, 14],
			"rotation": {"angle": 45, "axis": "y", "origin": [8, 8, 9]},
			"faces": {
				"north": {"uv": [0, 0, 1, 1], "texture": "#0"},
				"east": {"uv": [0, 0, 1, 1], "texture": "#0"},
				"south": {"uv": [0, 0, 1, 1], "texture": "#0"},
				"west": {"uv": [0, 0, 1, 1], "texture": "#0"},
				"up": {"uv": [0, 0, 1, 1], "rotation": 270, "texture": "#0"},
				"down": {"uv": [0, 0, 1, 1], "rotation": 90, "texture": "#0"}
			}
		},
		{
			"from": [11, 8, 12],
			"to": [12, 9, 13],
			"rotation": {"angle": 45, "axis": "y", "origin": [8, 8, 9]},
			"faces": {
				"north": {"uv": [2, 3, 3, 4], "texture": "#0"},
				"east": {"uv": [2, 2, 3, 3], "texture": "#0"},
				"south": {"uv": [2, 2, 3, 3], "texture": "#0"},
				"west": {"uv": [2, 2, 3, 3], "texture": "#0"},
				"up": {"uv": [2, 2, 3, 3], "rotation": 270, "texture": "#0"},
				"down": {"uv": [3, 2, 4, 3], "rotation": 90, "texture": "#0"}
			}
		},
		{
			"from": [11, 8, 10],
			"to": [12, 9, 11],
			"rotation": {"angle": 45, "axis": "y", "origin": [8, 8, 9]},
			"faces": {
				"north": {"uv": [2, 3, 3, 4], "texture": "#0"},
				"east": {"uv": [2, 2, 3, 3], "texture": "#0"},
				"south": {"uv": [2, 2, 3, 3], "texture": "#0"},
				"west": {"uv": [2, 2, 3, 3], "texture": "#0"},
				"up": {"uv": [2, 2, 3, 3], "rotation": 270, "texture": "#0"},
				"down": {"uv": [3, 2, 4, 3], "rotation": 90, "texture": "#0"}
			}
		},
		{
			"from": [6, 8, 13],
			"to": [7, 9, 14],
			"rotation": {"angle": 45, "axis": "y", "origin": [8, 8, 9]},
			"faces": {
				"north": {"uv": [0, 6, 1, 7], "texture": "#0"},
				"east": {"uv": [0, 6, 1, 7], "texture": "#0"},
				"south": {"uv": [0, 6, 1, 7], "texture": "#0"},
				"west": {"uv": [0, 6, 1, 7], "texture": "#0"},
				"up": {"uv": [0, 6, 1, 7], "rotation": 270, "texture": "#0"},
				"down": {"uv": [0, 6, 1, 7], "rotation": 90, "texture": "#0"}
			}
		},
		{
			"from": [5, 8, 13],
			"to": [6, 9, 14],
			"rotation": {"angle": 45, "axis": "y", "origin": [8, 8, 9]},
			"faces": {
				"north": {"uv": [0, 15, 1, 16], "texture": "#0"},
				"east": {"uv": [0, 15, 1, 16], "texture": "#0"},
				"south": {"uv": [0, 15, 1, 16], "texture": "#0"},
				"west": {"uv": [0, 15, 1, 16], "texture": "#0"},
				"up": {"uv": [0, 15, 1, 16], "rotation": 270, "texture": "#0"},
				"down": {"uv": [0, 15, 1, 16], "rotation": 90, "texture": "#0"}
			}
		},
		{
			"from": [4, 8, 12],
			"to": [5, 9, 13],
			"rotation": {"angle": 45, "axis": "y", "origin": [8, 8, 9]},
			"faces": {
				"north": {"uv": [0, 15, 1, 16], "texture": "#0"},
				"east": {"uv": [0, 15, 1, 16], "texture": "#0"},
				"south": {"uv": [0, 15, 1, 16], "texture": "#0"},
				"west": {"uv": [0, 15, 1, 16], "texture": "#0"},
				"up": {"uv": [0, 15, 1, 16], "rotation": 270, "texture": "#0"},
				"down": {"uv": [0, 15, 1, 16], "rotation": 90, "texture": "#0"}
			}
		},
		{
			"from": [3, 8, 12],
			"to": [4, 9, 13],
			"rotation": {"angle": 45, "axis": "y", "origin": [8, 8, 9]},
			"faces": {
				"north": {"uv": [0, 15, 1, 16], "texture": "#0"},
				"east": {"uv": [0, 15, 1, 16], "texture": "#0"},
				"south": {"uv": [0, 15, 1, 16], "texture": "#0"},
				"west": {"uv": [0, 15, 1, 16], "texture": "#0"},
				"up": {"uv": [0, 15, 1, 16], "rotation": 270, "texture": "#0"},
				"down": {"uv": [0, 15, 1, 16], "rotation": 90, "texture": "#0"}
			}
		},
		{
			"from": [2, 8, 11],
			"to": [3, 9, 12],
			"rotation": {"angle": 45, "axis": "y", "origin": [8, 8, 9]},
			"faces": {
				"north": {"uv": [0, 15, 1, 16], "texture": "#0"},
				"east": {"uv": [0, 15, 1, 16], "texture": "#0"},
				"south": {"uv": [0, 15, 1, 16], "texture": "#0"},
				"west": {"uv": [0, 15, 1, 16], "texture": "#0"},
				"up": {"uv": [0, 15, 1, 16], "rotation": 270, "texture": "#0"},
				"down": {"uv": [0, 15, 1, 16], "rotation": 90, "texture": "#0"}
			}
		},
		{
			"from": [14, 8, 6],
			"to": [15, 9, 7],
			"rotation": {"angle": 45, "axis": "y", "origin": [8, 8, 9]},
			"faces": {
				"north": {"uv": [0, 0, 1, 1], "texture": "#0"},
				"east": {"uv": [0, 0, 1, 1], "texture": "#0"},
				"south": {"uv": [0, 0, 1, 1], "texture": "#0"},
				"west": {"uv": [0, 0, 1, 1], "texture": "#0"},
				"up": {"uv": [0, 0, 1, 1], "rotation": 270, "texture": "#0"},
				"down": {"uv": [0, 0, 1, 1], "rotation": 90, "texture": "#0"}
			}
		},
		{
			"from": [14, 8, 5],
			"to": [15, 9, 6],
			"rotation": {"angle": 45, "axis": "y", "origin": [8, 8, 9]},
			"faces": {
				"north": {"uv": [0, 0, 1, 1], "texture": "#0"},
				"east": {"uv": [0, 0, 1, 1], "texture": "#0"},
				"south": {"uv": [0, 0, 1, 1], "texture": "#0"},
				"west": {"uv": [0, 0, 1, 1], "texture": "#0"},
				"up": {"uv": [0, 0, 1, 1], "rotation": 270, "texture": "#0"},
				"down": {"uv": [0, 0, 1, 1], "rotation": 90, "texture": "#0"}
			}
		},
		{
			"from": [11, 8, 2],
			"to": [12, 9, 3],
			"rotation": {"angle": 45, "axis": "y", "origin": [8, 8, 9]},
			"faces": {
				"north": {"uv": [0, 0, 1, 1], "texture": "#0"},
				"east": {"uv": [0, 0, 1, 1], "texture": "#0"},
				"south": {"uv": [0, 0, 1, 1], "texture": "#0"},
				"west": {"uv": [0, 0, 1, 1], "texture": "#0"},
				"up": {"uv": [0, 0, 1, 1], "rotation": 270, "texture": "#0"},
				"down": {"uv": [0, 0, 1, 1], "rotation": 90, "texture": "#0"}
			}
		},
		{
			"from": [4, 8, 4],
			"to": [5, 9, 5],
			"rotation": {"angle": 45, "axis": "y", "origin": [8, 8, 9]},
			"faces": {
				"north": {"uv": [3, 12, 4, 13], "texture": "#0"},
				"east": {"uv": [3, 11, 4, 12], "texture": "#0"},
				"south": {"uv": [2, 12, 3, 13], "texture": "#0"},
				"west": {"uv": [2, 11, 3, 12], "texture": "#0"},
				"up": {"uv": [3, 12, 4, 13], "rotation": 270, "texture": "#0"},
				"down": {"uv": [3, 11, 4, 12], "rotation": 90, "texture": "#0"}
			}
		},
		{
			"from": [5, 8, 3],
			"to": [6, 9, 4],
			"rotation": {"angle": 45, "axis": "y", "origin": [8, 8, 9]},
			"faces": {
				"north": {"uv": [3, 12, 4, 13], "texture": "#0"},
				"east": {"uv": [3, 11, 4, 12], "texture": "#0"},
				"south": {"uv": [2, 12, 3, 13], "texture": "#0"},
				"west": {"uv": [2, 11, 3, 12], "texture": "#0"},
				"up": {"uv": [2, 13, 3, 14], "rotation": 270, "texture": "#0"},
				"down": {"uv": [3, 11, 4, 12], "rotation": 90, "texture": "#0"}
			}
		},
		{
			"from": [6, 8, 3],
			"to": [7, 9, 4],
			"rotation": {"angle": 45, "axis": "y", "origin": [8, 8, 9]},
			"faces": {
				"north": {"uv": [3, 7, 4, 8], "texture": "#0"},
				"east": {"uv": [4, 7, 5, 8], "texture": "#0"},
				"south": {"uv": [3, 7, 4, 8], "texture": "#0"},
				"west": {"uv": [4, 7, 5, 8], "texture": "#0"},
				"up": {"uv": [4, 7, 5, 8], "rotation": 270, "texture": "#0"},
				"down": {"uv": [4, 7, 5, 8], "rotation": 90, "texture": "#0"}
			}
		},
		{
			"from": [7, 8, 2],
			"to": [8, 9, 3],
			"rotation": {"angle": 45, "axis": "y", "origin": [8, 8, 9]},
			"faces": {
				"north": {"uv": [0, 6, 1, 7], "texture": "#0"},
				"east": {"uv": [0, 6, 1, 7], "texture": "#0"},
				"south": {"uv": [0, 6, 1, 7], "texture": "#0"},
				"west": {"uv": [0, 6, 1, 7], "texture": "#0"},
				"up": {"uv": [0, 6, 1, 7], "rotation": 270, "texture": "#0"},
				"down": {"uv": [0, 6, 1, 7], "rotation": 90, "texture": "#0"}
			}
		},
		{
			"from": [8, 8, 2],
			"to": [9, 9, 3],
			"rotation": {"angle": 45, "axis": "y", "origin": [8, 8, 9]},
			"faces": {
				"north": {"uv": [0, 6, 1, 7], "texture": "#0"},
				"east": {"uv": [0, 6, 1, 7], "texture": "#0"},
				"south": {"uv": [0, 6, 1, 7], "texture": "#0"},
				"west": {"uv": [0, 6, 1, 7], "texture": "#0"},
				"up": {"uv": [0, 6, 1, 7], "rotation": 270, "texture": "#0"},
				"down": {"uv": [0, 6, 1, 7], "rotation": 90, "texture": "#0"}
			}
		},
		{
			"from": [9, 8, 2],
			"to": [10, 9, 3],
			"rotation": {"angle": 45, "axis": "y", "origin": [8, 8, 9]},
			"faces": {
				"north": {"uv": [0, 6, 1, 7], "texture": "#0"},
				"east": {"uv": [0, 6, 1, 7], "texture": "#0"},
				"south": {"uv": [0, 6, 1, 7], "texture": "#0"},
				"west": {"uv": [0, 6, 1, 7], "texture": "#0"},
				"up": {"uv": [0, 6, 1, 7], "rotation": 270, "texture": "#0"},
				"down": {"uv": [0, 6, 1, 7], "rotation": 90, "texture": "#0"}
			}
		},
		{
			"from": [10, 8, 3],
			"to": [11, 9, 4],
			"rotation": {"angle": 45, "axis": "y", "origin": [8, 8, 9]},
			"faces": {
				"north": {"uv": [0, 6, 1, 7], "texture": "#0"},
				"east": {"uv": [0, 6, 1, 7], "texture": "#0"},
				"south": {"uv": [0, 6, 1, 7], "texture": "#0"},
				"west": {"uv": [0, 6, 1, 7], "texture": "#0"},
				"up": {"uv": [0, 6, 1, 7], "rotation": 270, "texture": "#0"},
				"down": {"uv": [0, 6, 1, 7], "rotation": 90, "texture": "#0"}
			}
		},
		{
			"from": [12, 8, 3],
			"to": [13, 9, 4],
			"rotation": {"angle": 45, "axis": "y", "origin": [8, 8, 9]},
			"faces": {
				"north": {"uv": [2, 3, 3, 4], "texture": "#0"},
				"east": {"uv": [2, 2, 3, 3], "texture": "#0"},
				"south": {"uv": [2, 2, 3, 3], "texture": "#0"},
				"west": {"uv": [2, 2, 3, 3], "texture": "#0"},
				"up": {"uv": [1, 2, 2, 3], "rotation": 270, "texture": "#0"},
				"down": {"uv": [3, 2, 4, 3], "rotation": 90, "texture": "#0"}
			}
		},
		{
			"from": [13, 8, 4],
			"to": [14, 9, 5],
			"rotation": {"angle": 45, "axis": "y", "origin": [8, 8, 9]},
			"faces": {
				"north": {"uv": [0, 0, 1, 1], "texture": "#0"},
				"east": {"uv": [0, 0, 1, 1], "texture": "#0"},
				"south": {"uv": [0, 0, 1, 1], "texture": "#0"},
				"west": {"uv": [0, 0, 1, 1], "texture": "#0"},
				"up": {"uv": [0, 0, 1, 1], "rotation": 270, "texture": "#0"},
				"down": {"uv": [0, 0, 1, 1], "rotation": 90, "texture": "#0"}
			}
		},
		{
			"from": [11, 8, 3],
			"to": [12, 9, 4],
			"rotation": {"angle": 45, "axis": "y", "origin": [8, 8, 9]},
			"faces": {
				"north": {"uv": [2, 3, 3, 4], "texture": "#0"},
				"east": {"uv": [2, 2, 3, 3], "texture": "#0"},
				"south": {"uv": [2, 2, 3, 3], "texture": "#0"},
				"west": {"uv": [2, 2, 3, 3], "texture": "#0"},
				"up": {"uv": [2, 2, 3, 3], "rotation": 270, "texture": "#0"},
				"down": {"uv": [3, 2, 4, 3], "rotation": 90, "texture": "#0"}
			}
		},
		{
			"from": [5, 8, 12],
			"to": [6, 9, 13],
			"rotation": {"angle": 45, "axis": "y", "origin": [8, 8, 9]},
			"faces": {
				"north": {"uv": [3, 12, 4, 13], "texture": "#0"},
				"east": {"uv": [3, 11, 4, 12], "texture": "#0"},
				"south": {"uv": [2, 12, 3, 13], "texture": "#0"},
				"west": {"uv": [2, 11, 3, 12], "texture": "#0"},
				"up": {"uv": [2, 13, 3, 14], "rotation": 270, "texture": "#0"},
				"down": {"uv": [3, 11, 4, 12], "rotation": 90, "texture": "#0"}
			}
		},
		{
			"from": [7, 8, 13],
			"to": [8, 9, 14],
			"rotation": {"angle": 45, "axis": "y", "origin": [8, 8, 9]},
			"faces": {
				"north": {"uv": [0, 6, 1, 7], "texture": "#0"},
				"east": {"uv": [0, 6, 1, 7], "texture": "#0"},
				"south": {"uv": [0, 6, 1, 7], "texture": "#0"},
				"west": {"uv": [0, 6, 1, 7], "texture": "#0"},
				"up": {"uv": [0, 6, 1, 7], "rotation": 270, "texture": "#0"},
				"down": {"uv": [0, 6, 1, 7], "rotation": 90, "texture": "#0"}
			}
		},
		{
			"from": [8, 8, 13],
			"to": [9, 9, 14],
			"rotation": {"angle": 45, "axis": "y", "origin": [8, 8, 9]},
			"faces": {
				"north": {"uv": [0, 6, 1, 7], "texture": "#0"},
				"east": {"uv": [0, 6, 1, 7], "texture": "#0"},
				"south": {"uv": [0, 6, 1, 7], "texture": "#0"},
				"west": {"uv": [0, 6, 1, 7], "texture": "#0"},
				"up": {"uv": [0, 6, 1, 7], "rotation": 270, "texture": "#0"},
				"down": {"uv": [0, 6, 1, 7], "rotation": 90, "texture": "#0"}
			}
		},
		{
			"from": [9, 8, 13],
			"to": [10, 9, 14],
			"rotation": {"angle": 45, "axis": "y", "origin": [8, 8, 9]},
			"faces": {
				"north": {"uv": [0, 6, 1, 7], "texture": "#0"},
				"east": {"uv": [0, 6, 1, 7], "texture": "#0"},
				"south": {"uv": [0, 6, 1, 7], "texture": "#0"},
				"west": {"uv": [0, 6, 1, 7], "texture": "#0"},
				"up": {"uv": [0, 6, 1, 7], "rotation": 270, "texture": "#0"},
				"down": {"uv": [0, 6, 1, 7], "rotation": 90, "texture": "#0"}
			}
		},
		{
			"from": [6, 8, 12],
			"to": [7, 9, 13],
			"rotation": {"angle": 45, "axis": "y", "origin": [8, 8, 9]},
			"faces": {
				"north": {"uv": [3, 7, 4, 8], "texture": "#0"},
				"east": {"uv": [4, 7, 5, 8], "texture": "#0"},
				"south": {"uv": [3, 7, 4, 8], "texture": "#0"},
				"west": {"uv": [4, 7, 5, 8], "texture": "#0"},
				"up": {"uv": [4, 7, 5, 8], "rotation": 270, "texture": "#0"},
				"down": {"uv": [4, 7, 5, 8], "rotation": 90, "texture": "#0"}
			}
		},
		{
			"from": [5, 8, 4],
			"to": [6, 9, 5],
			"rotation": {"angle": 45, "axis": "y", "origin": [8, 8, 9]},
			"faces": {
				"north": {"uv": [3, 12, 4, 13], "texture": "#0"},
				"east": {"uv": [3, 11, 4, 12], "texture": "#0"},
				"south": {"uv": [2, 12, 3, 13], "texture": "#0"},
				"west": {"uv": [2, 11, 3, 12], "texture": "#0"},
				"up": {"uv": [3, 12, 4, 13], "rotation": 270, "texture": "#0"},
				"down": {"uv": [3, 11, 4, 12], "rotation": 90, "texture": "#0"}
			}
		},
		{
			"from": [7, 8, 12],
			"to": [8, 9, 13],
			"rotation": {"angle": 45, "axis": "y", "origin": [8, 8, 9]},
			"faces": {
				"north": {"uv": [3, 7, 4, 8], "texture": "#0"},
				"east": {"uv": [4, 7, 5, 8], "texture": "#0"},
				"south": {"uv": [3, 7, 4, 8], "texture": "#0"},
				"west": {"uv": [4, 7, 5, 8], "texture": "#0"},
				"up": {"uv": [4, 7, 5, 8], "rotation": 270, "texture": "#0"},
				"down": {"uv": [4, 7, 5, 8], "rotation": 90, "texture": "#0"}
			}
		},
		{
			"from": [8, 8, 12],
			"to": [9, 9, 13],
			"rotation": {"angle": 45, "axis": "y", "origin": [8, 8, 9]},
			"faces": {
				"north": {"uv": [3, 7, 4, 8], "texture": "#0"},
				"east": {"uv": [4, 7, 5, 8], "texture": "#0"},
				"south": {"uv": [3, 7, 4, 8], "texture": "#0"},
				"west": {"uv": [4, 7, 5, 8], "texture": "#0"},
				"up": {"uv": [4, 7, 5, 8], "rotation": 270, "texture": "#0"},
				"down": {"uv": [4, 7, 5, 8], "rotation": 90, "texture": "#0"}
			}
		},
		{
			"from": [9, 8, 12],
			"to": [10, 9, 13],
			"rotation": {"angle": 45, "axis": "y", "origin": [8, 8, 9]},
			"faces": {
				"north": {"uv": [3, 7, 4, 8], "texture": "#0"},
				"east": {"uv": [4, 7, 5, 8], "texture": "#0"},
				"south": {"uv": [3, 7, 4, 8], "texture": "#0"},
				"west": {"uv": [4, 7, 5, 8], "texture": "#0"},
				"up": {"uv": [4, 7, 5, 8], "rotation": 270, "texture": "#0"},
				"down": {"uv": [4, 7, 5, 8], "rotation": 90, "texture": "#0"}
			}
		},
		{
			"from": [12, 8, 12],
			"to": [13, 9, 13],
			"rotation": {"angle": 45, "axis": "y", "origin": [8, 8, 9]},
			"faces": {
				"north": {"uv": [2, 3, 3, 4], "texture": "#0"},
				"east": {"uv": [2, 2, 3, 3], "texture": "#0"},
				"south": {"uv": [2, 2, 3, 3], "texture": "#0"},
				"west": {"uv": [2, 2, 3, 3], "texture": "#0"},
				"up": {"uv": [1, 2, 2, 3], "rotation": 270, "texture": "#0"},
				"down": {"uv": [3, 2, 4, 3], "rotation": 90, "texture": "#0"}
			}
		},
		{
			"from": [10, 8, 12],
			"to": [11, 9, 13],
			"rotation": {"angle": 45, "axis": "y", "origin": [8, 8, 9]},
			"faces": {
				"north": {"uv": [0, 6, 1, 7], "texture": "#0"},
				"east": {"uv": [0, 6, 1, 7], "texture": "#0"},
				"south": {"uv": [0, 6, 1, 7], "texture": "#0"},
				"west": {"uv": [0, 6, 1, 7], "texture": "#0"},
				"up": {"uv": [0, 6, 1, 7], "rotation": 270, "texture": "#0"},
				"down": {"uv": [0, 6, 1, 7], "rotation": 90, "texture": "#0"}
			}
		},
		{
			"from": [6, 8, 4],
			"to": [7, 9, 5],
			"rotation": {"angle": 45, "axis": "y", "origin": [8, 8, 9]},
			"faces": {
				"north": {"uv": [3, 7, 4, 8], "texture": "#0"},
				"east": {"uv": [4, 7, 5, 8], "texture": "#0"},
				"south": {"uv": [3, 7, 4, 8], "texture": "#0"},
				"west": {"uv": [4, 7, 5, 8], "texture": "#0"},
				"up": {"uv": [4, 7, 5, 8], "rotation": 270, "texture": "#0"},
				"down": {"uv": [4, 7, 5, 8], "rotation": 90, "texture": "#0"}
			}
		},
		{
			"from": [7, 8, 4],
			"to": [8, 9, 5],
			"rotation": {"angle": 45, "axis": "y", "origin": [8, 8, 9]},
			"faces": {
				"north": {"uv": [3, 7, 4, 8], "texture": "#0"},
				"east": {"uv": [4, 7, 5, 8], "texture": "#0"},
				"south": {"uv": [3, 7, 4, 8], "texture": "#0"},
				"west": {"uv": [4, 7, 5, 8], "texture": "#0"},
				"up": {"uv": [4, 7, 5, 8], "rotation": 270, "texture": "#0"},
				"down": {"uv": [4, 7, 5, 8], "rotation": 90, "texture": "#0"}
			}
		},
		{
			"from": [8, 8, 4],
			"to": [9, 9, 5],
			"rotation": {"angle": 45, "axis": "y", "origin": [8, 8, 9]},
			"faces": {
				"north": {"uv": [3, 7, 4, 8], "texture": "#0"},
				"east": {"uv": [4, 7, 5, 8], "texture": "#0"},
				"south": {"uv": [3, 7, 4, 8], "texture": "#0"},
				"west": {"uv": [4, 7, 5, 8], "texture": "#0"},
				"up": {"uv": [4, 7, 5, 8], "rotation": 270, "texture": "#0"},
				"down": {"uv": [4, 7, 5, 8], "rotation": 90, "texture": "#0"}
			}
		},
		{
			"from": [9, 8, 4],
			"to": [10, 9, 5],
			"rotation": {"angle": 45, "axis": "y", "origin": [8, 8, 9]},
			"faces": {
				"north": {"uv": [3, 7, 4, 8], "texture": "#0"},
				"east": {"uv": [4, 7, 5, 8], "texture": "#0"},
				"south": {"uv": [3, 7, 4, 8], "texture": "#0"},
				"west": {"uv": [4, 7, 5, 8], "texture": "#0"},
				"up": {"uv": [4, 7, 5, 8], "rotation": 270, "texture": "#0"},
				"down": {"uv": [4, 7, 5, 8], "rotation": 90, "texture": "#0"}
			}
		},
		{
			"from": [10, 8, 4],
			"to": [11, 9, 5],
			"rotation": {"angle": 45, "axis": "y", "origin": [8, 8, 9]},
			"faces": {
				"north": {"uv": [0, 6, 1, 7], "texture": "#0"},
				"east": {"uv": [0, 6, 1, 7], "texture": "#0"},
				"south": {"uv": [0, 6, 1, 7], "texture": "#0"},
				"west": {"uv": [0, 6, 1, 7], "texture": "#0"},
				"up": {"uv": [0, 6, 1, 7], "rotation": 270, "texture": "#0"},
				"down": {"uv": [0, 6, 1, 7], "rotation": 90, "texture": "#0"}
			}
		},
		{
			"from": [12, 8, 4],
			"to": [13, 9, 5],
			"rotation": {"angle": 45, "axis": "y", "origin": [8, 8, 9]},
			"faces": {
				"north": {"uv": [2, 3, 3, 4], "texture": "#0"},
				"east": {"uv": [2, 2, 3, 3], "texture": "#0"},
				"south": {"uv": [2, 2, 3, 3], "texture": "#0"},
				"west": {"uv": [2, 2, 3, 3], "texture": "#0"},
				"up": {"uv": [2, 2, 3, 3], "rotation": 270, "texture": "#0"},
				"down": {"uv": [3, 2, 4, 3], "rotation": 90, "texture": "#0"}
			}
		},
		{
			"from": [10, 8, 2],
			"to": [11, 9, 3],
			"rotation": {"angle": 45, "axis": "y", "origin": [8, 8, 9]},
			"faces": {
				"north": {"uv": [0, 6, 1, 7], "texture": "#0"},
				"east": {"uv": [0, 6, 1, 7], "texture": "#0"},
				"south": {"uv": [0, 6, 1, 7], "texture": "#0"},
				"west": {"uv": [0, 6, 1, 7], "texture": "#0"},
				"up": {"uv": [0, 6, 1, 7], "rotation": 270, "texture": "#0"},
				"down": {"uv": [0, 6, 1, 7], "rotation": 90, "texture": "#0"}
			}
		},
		{
			"from": [4, 8, 3],
			"to": [5, 9, 4],
			"rotation": {"angle": 45, "axis": "y", "origin": [8, 8, 9]},
			"faces": {
				"north": {"uv": [0, 15, 1, 16], "texture": "#0"},
				"east": {"uv": [0, 15, 1, 16], "texture": "#0"},
				"south": {"uv": [0, 15, 1, 16], "texture": "#0"},
				"west": {"uv": [0, 15, 1, 16], "texture": "#0"},
				"up": {"uv": [0, 15, 1, 16], "rotation": 270, "texture": "#0"},
				"down": {"uv": [0, 15, 1, 16], "rotation": 90, "texture": "#0"}
			}
		},
		{
			"from": [3, 8, 3],
			"to": [4, 9, 4],
			"rotation": {"angle": 45, "axis": "y", "origin": [8, 8, 9]},
			"faces": {
				"north": {"uv": [0, 15, 1, 16], "texture": "#0"},
				"east": {"uv": [0, 15, 1, 16], "texture": "#0"},
				"south": {"uv": [0, 15, 1, 16], "texture": "#0"},
				"west": {"uv": [0, 15, 1, 16], "texture": "#0"},
				"up": {"uv": [0, 15, 1, 16], "rotation": 270, "texture": "#0"},
				"down": {"uv": [0, 15, 1, 16], "rotation": 90, "texture": "#0"}
			}
		},
		{
			"from": [2, 8, 4],
			"to": [3, 9, 5],
			"rotation": {"angle": 45, "axis": "y", "origin": [8, 8, 9]},
			"faces": {
				"north": {"uv": [0, 15, 1, 16], "texture": "#0"},
				"east": {"uv": [0, 15, 1, 16], "texture": "#0"},
				"south": {"uv": [0, 15, 1, 16], "texture": "#0"},
				"west": {"uv": [0, 15, 1, 16], "texture": "#0"},
				"up": {"uv": [0, 15, 1, 16], "rotation": 270, "texture": "#0"},
				"down": {"uv": [0, 15, 1, 16], "rotation": 90, "texture": "#0"}
			}
		},
		{
			"from": [1, 8, 9],
			"to": [2, 9, 10],
			"rotation": {"angle": 45, "axis": "y", "origin": [8, 8, 9]},
			"faces": {
				"north": {"uv": [0, 15, 1, 16], "texture": "#0"},
				"east": {"uv": [0, 15, 1, 16], "texture": "#0"},
				"south": {"uv": [0, 15, 1, 16], "texture": "#0"},
				"west": {"uv": [0, 15, 1, 16], "texture": "#0"},
				"up": {"uv": [0, 15, 1, 16], "rotation": 270, "texture": "#0"},
				"down": {"uv": [0, 15, 1, 16], "rotation": 90, "texture": "#0"}
			}
		},
		{
			"from": [1, 8, 8],
			"to": [2, 9, 9],
			"rotation": {"angle": 45, "axis": "y", "origin": [8, 8, 9]},
			"faces": {
				"north": {"uv": [0, 7, 1, 8], "texture": "#0"},
				"east": {"uv": [0, 8, 1, 9], "texture": "#0"},
				"south": {"uv": [0, 6, 1, 7], "texture": "#0"},
				"west": {"uv": [0, 7, 1, 8], "texture": "#0"},
				"up": {"uv": [0, 8, 1, 9], "rotation": 270, "texture": "#0"},
				"down": {"uv": [0, 6, 1, 7], "rotation": 90, "texture": "#0"}
			}
		},
		{
			"from": [1, 8, 7],
			"to": [2, 9, 8],
			"rotation": {"angle": 45, "axis": "y", "origin": [8, 8, 9]},
			"faces": {
				"north": {"uv": [0, 7, 1, 8], "texture": "#0"},
				"east": {"uv": [0, 8, 1, 9], "texture": "#0"},
				"south": {"uv": [0, 6, 1, 7], "texture": "#0"},
				"west": {"uv": [0, 7, 1, 8], "texture": "#0"},
				"up": {"uv": [0, 8, 1, 9], "rotation": 270, "texture": "#0"},
				"down": {"uv": [0, 6, 1, 7], "rotation": 90, "texture": "#0"}
			}
		},
		{
			"from": [1, 8, 6],
			"to": [2, 9, 7],
			"rotation": {"angle": 45, "axis": "y", "origin": [8, 8, 9]},
			"faces": {
				"north": {"uv": [0, 15, 1, 16], "texture": "#0"},
				"east": {"uv": [0, 15, 1, 16], "texture": "#0"},
				"south": {"uv": [0, 15, 1, 16], "texture": "#0"},
				"west": {"uv": [0, 15, 1, 16], "texture": "#0"},
				"up": {"uv": [0, 15, 1, 16], "rotation": 270, "texture": "#0"},
				"down": {"uv": [0, 15, 1, 16], "rotation": 90, "texture": "#0"}
			}
		},
		{
			"from": [1, 8, 5],
			"to": [2, 9, 6],
			"rotation": {"angle": 45, "axis": "y", "origin": [8, 8, 9]},
			"faces": {
				"north": {"uv": [0, 15, 1, 16], "texture": "#0"},
				"east": {"uv": [0, 15, 1, 16], "texture": "#0"},
				"south": {"uv": [0, 15, 1, 16], "texture": "#0"},
				"west": {"uv": [0, 15, 1, 16], "texture": "#0"},
				"up": {"uv": [0, 15, 1, 16], "rotation": 270, "texture": "#0"},
				"down": {"uv": [0, 15, 1, 16], "rotation": 90, "texture": "#0"}
			}
		},
		{
			"from": [2, 8, 10],
			"to": [3, 9, 11],
			"rotation": {"angle": 45, "axis": "y", "origin": [8, 8, 9]},
			"faces": {
				"north": {"uv": [3, 12, 4, 13], "texture": "#0"},
				"east": {"uv": [3, 11, 4, 12], "texture": "#0"},
				"south": {"uv": [2, 12, 3, 13], "texture": "#0"},
				"west": {"uv": [2, 11, 3, 12], "texture": "#0"},
				"up": {"uv": [2, 13, 3, 14], "rotation": 270, "texture": "#0"},
				"down": {"uv": [3, 11, 4, 12], "rotation": 90, "texture": "#0"}
			}
		},
		{
			"from": [2, 8, 9],
			"to": [3, 9, 10],
			"rotation": {"angle": 45, "axis": "y", "origin": [8, 8, 9]},
			"faces": {
				"north": {"uv": [3, 12, 4, 13], "texture": "#0"},
				"east": {"uv": [3, 11, 4, 12], "texture": "#0"},
				"south": {"uv": [2, 12, 3, 13], "texture": "#0"},
				"west": {"uv": [2, 11, 3, 12], "texture": "#0"},
				"up": {"uv": [3, 12, 4, 13], "rotation": 270, "texture": "#0"},
				"down": {"uv": [3, 11, 4, 12], "rotation": 90, "texture": "#0"}
			}
		},
		{
			"from": [2, 8, 8],
			"to": [3, 9, 9],
			"rotation": {"angle": 45, "axis": "y", "origin": [8, 8, 9]},
			"faces": {
				"north": {"uv": [3, 7, 4, 8], "texture": "#0"},
				"east": {"uv": [4, 7, 5, 8], "texture": "#0"},
				"south": {"uv": [3, 7, 4, 8], "texture": "#0"},
				"west": {"uv": [4, 7, 5, 8], "texture": "#0"},
				"up": {"uv": [4, 7, 5, 8], "rotation": 270, "texture": "#0"},
				"down": {"uv": [4, 7, 5, 8], "rotation": 90, "texture": "#0"}
			}
		},
		{
			"from": [2, 8, 7],
			"to": [3, 9, 8],
			"rotation": {"angle": 45, "axis": "y", "origin": [8, 8, 9]},
			"faces": {
				"north": {"uv": [3, 7, 4, 8], "texture": "#0"},
				"east": {"uv": [4, 7, 5, 8], "texture": "#0"},
				"south": {"uv": [3, 7, 4, 8], "texture": "#0"},
				"west": {"uv": [4, 7, 5, 8], "texture": "#0"},
				"up": {"uv": [4, 7, 5, 8], "rotation": 270, "texture": "#0"},
				"down": {"uv": [4, 7, 5, 8], "rotation": 90, "texture": "#0"}
			}
		},
		{
			"from": [2, 8, 6],
			"to": [3, 9, 7],
			"rotation": {"angle": 45, "axis": "y", "origin": [8, 8, 9]},
			"faces": {
				"north": {"uv": [3, 12, 4, 13], "texture": "#0"},
				"east": {"uv": [3, 11, 4, 12], "texture": "#0"},
				"south": {"uv": [2, 12, 3, 13], "texture": "#0"},
				"west": {"uv": [2, 11, 3, 12], "texture": "#0"},
				"up": {"uv": [3, 12, 4, 13], "rotation": 270, "texture": "#0"},
				"down": {"uv": [3, 11, 4, 12], "rotation": 90, "texture": "#0"}
			}
		},
		{
			"from": [2, 8, 5],
			"to": [3, 9, 6],
			"rotation": {"angle": 45, "axis": "y", "origin": [8, 8, 9]},
			"faces": {
				"north": {"uv": [3, 12, 4, 13], "texture": "#0"},
				"east": {"uv": [3, 11, 4, 12], "texture": "#0"},
				"south": {"uv": [2, 12, 3, 13], "texture": "#0"},
				"west": {"uv": [2, 11, 3, 12], "texture": "#0"},
				"up": {"uv": [2, 13, 3, 14], "rotation": 270, "texture": "#0"},
				"down": {"uv": [3, 11, 4, 12], "rotation": 90, "texture": "#0"}
			}
		},
		{
			"from": [6, 8, 8],
			"to": [7, 9, 9],
			"rotation": {"angle": 45, "axis": "y", "origin": [8, 8, 9]},
			"faces": {
				"north": {"uv": [3, 7, 4, 8], "texture": "#0"},
				"east": {"uv": [4, 7, 5, 8], "texture": "#0"},
				"south": {"uv": [3, 7, 4, 8], "texture": "#0"},
				"west": {"uv": [4, 7, 5, 8], "texture": "#0"},
				"up": {"uv": [4, 7, 5, 8], "rotation": 270, "texture": "#0"},
				"down": {"uv": [4, 7, 5, 8], "rotation": 90, "texture": "#0"}
			}
		},
		{
			"from": [3, 8, 11],
			"to": [4, 9, 12],
			"rotation": {"angle": 45, "axis": "y", "origin": [8, 8, 9]},
			"faces": {
				"north": {"uv": [3, 12, 4, 13], "texture": "#0"},
				"east": {"uv": [3, 11, 4, 12], "texture": "#0"},
				"south": {"uv": [2, 12, 3, 13], "texture": "#0"},
				"west": {"uv": [2, 11, 3, 12], "texture": "#0"},
				"up": {"uv": [2, 13, 3, 14], "rotation": 270, "texture": "#0"},
				"down": {"uv": [3, 11, 4, 12], "rotation": 90, "texture": "#0"}
			}
		},
		{
			"from": [3, 8, 10],
			"to": [4, 9, 11],
			"rotation": {"angle": 45, "axis": "y", "origin": [8, 8, 9]},
			"faces": {
				"north": {"uv": [3, 12, 4, 13], "texture": "#0"},
				"east": {"uv": [3, 11, 4, 12], "texture": "#0"},
				"south": {"uv": [2, 12, 3, 13], "texture": "#0"},
				"west": {"uv": [2, 11, 3, 12], "texture": "#0"},
				"up": {"uv": [3, 12, 4, 13], "rotation": 270, "texture": "#0"},
				"down": {"uv": [3, 11, 4, 12], "rotation": 90, "texture": "#0"}
			}
		},
		{
			"from": [3, 8, 9],
			"to": [4, 9, 10],
			"rotation": {"angle": 45, "axis": "y", "origin": [8, 8, 9]},
			"faces": {
				"north": {"uv": [3, 12, 4, 13], "texture": "#0"},
				"east": {"uv": [3, 11, 4, 12], "texture": "#0"},
				"south": {"uv": [2, 12, 3, 13], "texture": "#0"},
				"west": {"uv": [2, 11, 3, 12], "texture": "#0"},
				"up": {"uv": [3, 12, 4, 13], "rotation": 270, "texture": "#0"},
				"down": {"uv": [3, 11, 4, 12], "rotation": 90, "texture": "#0"}
			}
		},
		{
			"from": [3, 8, 7],
			"to": [4, 9, 8],
			"rotation": {"angle": 45, "axis": "y", "origin": [8, 8, 9]},
			"faces": {
				"north": {"uv": [3, 7, 4, 8], "texture": "#0"},
				"east": {"uv": [4, 7, 5, 8], "texture": "#0"},
				"south": {"uv": [3, 7, 4, 8], "texture": "#0"},
				"west": {"uv": [4, 7, 5, 8], "texture": "#0"},
				"up": {"uv": [4, 7, 5, 8], "rotation": 270, "texture": "#0"},
				"down": {"uv": [4, 7, 5, 8], "rotation": 90, "texture": "#0"}
			}
		},
		{
			"from": [3, 8, 4],
			"to": [4, 9, 5],
			"rotation": {"angle": 45, "axis": "y", "origin": [8, 8, 9]},
			"faces": {
				"north": {"uv": [3, 12, 4, 13], "texture": "#0"},
				"east": {"uv": [3, 11, 4, 12], "texture": "#0"},
				"south": {"uv": [2, 12, 3, 13], "texture": "#0"},
				"west": {"uv": [2, 11, 3, 12], "texture": "#0"},
				"up": {"uv": [2, 13, 3, 14], "rotation": 270, "texture": "#0"},
				"down": {"uv": [3, 11, 4, 12], "rotation": 90, "texture": "#0"}
			}
		},
		{
			"from": [3, 8, 6],
			"to": [4, 9, 7],
			"rotation": {"angle": 45, "axis": "y", "origin": [8, 8, 9]},
			"faces": {
				"north": {"uv": [3, 12, 4, 13], "texture": "#0"},
				"east": {"uv": [3, 11, 4, 12], "texture": "#0"},
				"south": {"uv": [2, 12, 3, 13], "texture": "#0"},
				"west": {"uv": [2, 11, 3, 12], "texture": "#0"},
				"up": {"uv": [3, 12, 4, 13], "rotation": 270, "texture": "#0"},
				"down": {"uv": [3, 11, 4, 12], "rotation": 90, "texture": "#0"}
			}
		},
		{
			"from": [3, 8, 5],
			"to": [4, 9, 6],
			"rotation": {"angle": 45, "axis": "y", "origin": [8, 8, 9]},
			"faces": {
				"north": {"uv": [3, 12, 4, 13], "texture": "#0"},
				"east": {"uv": [3, 11, 4, 12], "texture": "#0"},
				"south": {"uv": [2, 12, 3, 13], "texture": "#0"},
				"west": {"uv": [2, 11, 3, 12], "texture": "#0"},
				"up": {"uv": [3, 12, 4, 13], "rotation": 270, "texture": "#0"},
				"down": {"uv": [3, 11, 4, 12], "rotation": 90, "texture": "#0"}
			}
		},
		{
			"from": [6, 8, 2],
			"to": [7, 9, 3],
			"rotation": {"angle": 45, "axis": "y", "origin": [8, 8, 9]},
			"faces": {
				"north": {"uv": [0, 6, 1, 7], "texture": "#0"},
				"east": {"uv": [0, 6, 1, 7], "texture": "#0"},
				"south": {"uv": [0, 6, 1, 7], "texture": "#0"},
				"west": {"uv": [0, 6, 1, 7], "texture": "#0"},
				"up": {"uv": [0, 6, 1, 7], "rotation": 270, "texture": "#0"},
				"down": {"uv": [0, 6, 1, 7], "rotation": 90, "texture": "#0"}
			}
		},
		{
			"from": [5, 8, 2],
			"to": [6, 9, 3],
			"rotation": {"angle": 45, "axis": "y", "origin": [8, 8, 9]},
			"faces": {
				"north": {"uv": [0, 15, 1, 16], "texture": "#0"},
				"east": {"uv": [0, 15, 1, 16], "texture": "#0"},
				"south": {"uv": [0, 15, 1, 16], "texture": "#0"},
				"west": {"uv": [0, 15, 1, 16], "texture": "#0"},
				"up": {"uv": [0, 15, 1, 16], "rotation": 270, "texture": "#0"},
				"down": {"uv": [0, 15, 1, 16], "rotation": 90, "texture": "#0"}
			}
		}
	],
	"groups": [
		{
			"name": "group",
			"origin": [8, 8, 8],
			"children": [0, 1, 2, 3, 4, 5, 6, 7, 8, 9, 10, 11, 12, 13, 14, 15, 16, 17, 18, 19, 20, 21, 22, 23, 24, 25, 26, 27, 28, 29, 30, 31, 32, 33, 34, 35, 36, 37, 38, 39, 40, 41, 42, 43, 44, 45, 46, 47, 48, 49, 50, 51, 52, 53, 54, 55, 56, 57, 58, 59, 60, 61, 62, 63, 64, 65, 66, 67, 68, 69, 70, 71, 72, 73, 74, 75, 76, 77, 78, 79, 80, 81, 82, 83, 84, 85, 86, 87, 88, 89, 90, 91, 92, 93, 94, 95, 96, 97, 98, 99, 100, 101, 102, 103, 104, 105, 106, 107, 108, 109, 110, 111, 112, 113, 114, 115, 116, 117, 118, 119, 120, 121, 122, 123, 124, 125, 126, 127, 128, 129, 130, 131, 132, 133, 134, 135, 136, 137, 138, 139, 140, 141, 142, 143, 144, 145]
		}
	]
}